﻿<?xml version="1.0" encoding="utf-8" ?>
<Units>

  <Unit id="MilliGram">

    <MilliGram>1</MilliGram>
    <Gram>0.001</Gram>
    <KiloGram>0.000001</KiloGram>
    <Ounce>0.000035274</Ounce>
    <Pound>0.0000022046</Pound>
    <Stone>0.00000015747</Stone>
  </Unit>
  <Unit id="Gram">
    <MilliGram>1000</MilliGram>
    <Gram>1</Gram>
    <KiloGram>0.001</KiloGram>
    <Ounce>0.035274</Ounce>
    <Pound>0.0022046249999752</Pound>
    <Stone>0.000157473</Stone>
  </Unit>
  <Unit id="KiloGram">
    <MilliGram>1e+6</MilliGram>
    <Gram>1000</Gram>
    <KiloGram>1</KiloGram>
    <Ounce>35.274</Ounce>
    <Pound>2.20462</Pound>
    <Stone>0.157472857135078</Stone>
  </Unit>
  <Unit id="Ounce">
    <MilliGram>28349.5</MilliGram>
    <Gram>28.3495</Gram>
    <KiloGram>0.0283495</KiloGram>
    <Ounce>1</Ounce>
    <Pound>0.0625</Pound>
    <Stone>0.00446429</Stone>
  </Unit>
  <Unit id="Pound">
    <MilliGram>453592</MilliGram>
    <Gram>453.592</Gram>
    <KiloGram>0.453592</KiloGram>
    <Ounce>16</Ounce>
    <Pound>1</Pound>
    <Stone>0.0714286</Stone>
  </Unit>
  <Unit id="Stone">
    <MilliGram>6.35e+6</MilliGram>
    <Gram>6350.29</Gram>
    <KiloGram>6.35029</KiloGram>
    <Ounce>224</Ounce>
    <Pound>14</Pound>
    <Stone>1</Stone>
  </Unit>
  
</Units>
